"Distributions of household economic accounts, income, consumption and saving, Canada, provinces and territories, quarterly",,,,,,,,,,,,,,,,,,,,,,,,,,,,,,,,,,,,,,,,,,,,,,,,,,,,,,,,,,,,,,,,,,,,,,,,,,,,,,,,,,,,,,,,,,,,,,,,,,,,,,,,,,,,,,,,,,,,,,,,,,,,,,,,,,,,,,,,,,,,,,,,,,,,,,,,,,
Frequency: Quarterly,,,,,,,,,,,,,,,,,,,,,,,,,,,,,,,,,,,,,,,,,,,,,,,,,,,,,,,,,,,,,,,,,,,,,,,,,,,,,,,,,,,,,,,,,,,,,,,,,,,,,,,,,,,,,,,,,,,,,,,,,,,,,,,,,,,,,,,,,,,,,,,,,,,,,,,,,,
Table: 36-10-0663-01,,,,,,,,,,,,,,,,,,,,,,,,,,,,,,,,,,,,,,,,,,,,,,,,,,,,,,,,,,,,,,,,,,,,,,,,,,,,,,,,,,,,,,,,,,,,,,,,,,,,,,,,,,,,,,,,,,,,,,,,,,,,,,,,,,,,,,,,,,,,,,,,,,,,,,,,,,
Release date: 2023-01-19,,,,,,,,,,,,,,,,,,,,,,,,,,,,,,,,,,,,,,,,,,,,,,,,,,,,,,,,,,,,,,,,,,,,,,,,,,,,,,,,,,,,,,,,,,,,,,,,,,,,,,,,,,,,,,,,,,,,,,,,,,,,,,,,,,,,,,,,,,,,,,,,,,,,,,,,,,
"Geography: Canada, Province or territory",,,,,,,,,,,,,,,,,,,,,,,,,,,,,,,,,,,,,,,,,,,,,,,,,,,,,,,,,,,,,,,,,,,,,,,,,,,,,,,,,,,,,,,,,,,,,,,,,,,,,,,,,,,,,,,,,,,,,,,,,,,,,,,,,,,,,,,,,,,,,,,,,,,,,,,,,,
,,,,,,,,,,,,,,,,,,,,,,,,,,,,,,,,,,,,,,,,,,,,,,,,,,,,,,,,,,,,,,,,,,,,,,,,,,,,,,,,,,,,,,,,,,,,,,,,,,,,,,,,,,,,,,,,,,,,,,,,,,,,,,,,,,,,,,,,,,,,,,,,,,,,,,,,,,
,,,,,,,,,,,,,,,,,,,,,,,,,,,,,,,,,,,,,,,,,,,,,,,,,,,,,,,,,,,,,,,,,,,,,,,,,,,,,,,,,,,,,,,,,,,,,,,,,,,,,,,,,,,,,,,,,,,,,,,,,,,,,,,,,,,,,,,,,,,,,,,,,,,,,,,,,,
,,,,,,,,,,,,,,,,,,,,,,,,,,,,,,,,,,,,,,,,,,,,,,,,,,,,,,,,,,,,,,,,,,,,,,,,,,,,,,,,,,,,,,,,,,,,,,,,,,,,,,,,,,,,,,,,,,,,,,,,,,,,,,,,,,,,,,,,,,,,,,,,,,,,,,,,,,
Geography,Canada 1,,,,,,,,,,,Newfoundland and Labrador 1,,,,,,,,,,,Prince Edward Island 1,,,,,,,,,,,Nova Scotia 1,,,,,,,,,,,New Brunswick 1,,,,,,,,,,,Quebec 1,,,,,,,,,,,Ontario 1,,,,,,,,,,,Manitoba 1,,,,,,,,,,,Saskatchewan 1,,,,,,,,,,,Alberta 1,,,,,,,,,,,British Columbia 1,,,,,,,,,,,Yukon 1,,,,,,,,,,,Northwest Territories 1,,,,,,,,,,,Nunavut 1,,,,,,,,,,
Statistics,Value per consumption unit 2,,,,,,,,,,,Value per consumption unit 2,,,,,,,,,,,Value per consumption unit 2,,,,,,,,,,,Value per consumption unit 2,,,,,,,,,,,Value per consumption unit 2,,,,,,,,,,,Value per consumption unit 2,,,,,,,,,,,Value per consumption unit 2,,,,,,,,,,,Value per consumption unit 2,,,,,,,,,,,Value per consumption unit 2,,,,,,,,,,,Value per consumption unit 2,,,,,,,,,,,Value per consumption unit 2,,,,,,,,,,,Value per consumption unit 2,,,,,,,,,,,Value per consumption unit 2,,,,,,,,,,,Value per consumption unit 2,,,,,,,,,,
Characteristics,All households,,,,,,,,,,,All households,,,,,,,,,,,All households,,,,,,,,,,,All households,,,,,,,,,,,All households,,,,,,,,,,,All households,,,,,,,,,,,All households,,,,,,,,,,,All households,,,,,,,,,,,All households,,,,,,,,,,,All households,,,,,,,,,,,All households,,,,,,,,,,,All households,,,,,,,,,,,All households,,,,,,,,,,,All households,,,,,,,,,,
"Income, consumption and savings",Q1 2020,Q2 2020,Q3 2020,Q4 2020,Q1 2021,Q2 2021,Q3 2021,Q4 2021,Q1 2022,Q2 2022,Q3 2022,Q1 2020,Q2 2020,Q3 2020,Q4 2020,Q1 2021,Q2 2021,Q3 2021,Q4 2021,Q1 2022,Q2 2022,Q3 2022,Q1 2020,Q2 2020,Q3 2020,Q4 2020,Q1 2021,Q2 2021,Q3 2021,Q4 2021,Q1 2022,Q2 2022,Q3 2022,Q1 2020,Q2 2020,Q3 2020,Q4 2020,Q1 2021,Q2 2021,Q3 2021,Q4 2021,Q1 2022,Q2 2022,Q3 2022,Q1 2020,Q2 2020,Q3 2020,Q4 2020,Q1 2021,Q2 2021,Q3 2021,Q4 2021,Q1 2022,Q2 2022,Q3 2022,Q1 2020,Q2 2020,Q3 2020,Q4 2020,Q1 2021,Q2 2021,Q3 2021,Q4 2021,Q1 2022,Q2 2022,Q3 2022,Q1 2020,Q2 2020,Q3 2020,Q4 2020,Q1 2021,Q2 2021,Q3 2021,Q4 2021,Q1 2022,Q2 2022,Q3 2022,Q1 2020,Q2 2020,Q3 2020,Q4 2020,Q1 2021,Q2 2021,Q3 2021,Q4 2021,Q1 2022,Q2 2022,Q3 2022,Q1 2020,Q2 2020,Q3 2020,Q4 2020,Q1 2021,Q2 2021,Q3 2021,Q4 2021,Q1 2022,Q2 2022,Q3 2022,Q1 2020,Q2 2020,Q3 2020,Q4 2020,Q1 2021,Q2 2021,Q3 2021,Q4 2021,Q1 2022,Q2 2022,Q3 2022,Q1 2020,Q2 2020,Q3 2020,Q4 2020,Q1 2021,Q2 2021,Q3 2021,Q4 2021,Q1 2022,Q2 2022,Q3 2022,Q1 2020,Q2 2020,Q3 2020,Q4 2020,Q1 2021,Q2 2021,Q3 2021,Q4 2021,Q1 2022,Q2 2022,Q3 2022,Q1 2020,Q2 2020,Q3 2020,Q4 2020,Q1 2021,Q2 2021,Q3 2021,Q4 2021,Q1 2022,Q2 2022,Q3 2022,Q1 2020,Q2 2020,Q3 2020,Q4 2020,Q1 2021,Q2 2021,Q3 2021,Q4 2021,Q1 2022,Q2 2022,Q3 2022
,Dollars,,,,,,,,,,,,,,,,,,,,,,,,,,,,,,,,,,,,,,,,,,,,,,,,,,,,,,,,,,,,,,,,,,,,,,,,,,,,,,,,,,,,,,,,,,,,,,,,,,,,,,,,,,,,,,,,,,,,,,,,,,,,,,,,,,,,,,,,,,,,,,,,,,,,,,,,,
Household disposable income,"12,182","13,880","14,223","13,847","13,189","13,604","14,707","14,070","13,367","13,696","14,940","10,866","12,936","12,636","12,481","13,025","13,384","13,980","13,135","11,744","12,837","13,390","9,936","11,674","11,948","11,332","12,236","12,142","13,861","12,386","10,996","11,477","13,924","10,595","12,453","12,306","11,928","11,833","12,367","12,967","12,193","11,273","12,081","12,547","10,491","12,284","12,101","11,885","11,983","12,252","12,992","12,356","11,389","12,165","13,054","10,647","11,923","12,305","12,108","11,459","11,627","13,011","12,476","11,544","11,681","13,158","12,432","14,386","14,468","14,047","13,507","14,062","14,924","14,327","13,839","14,251","15,250","11,187","12,766","13,370","12,722","12,164","12,026","13,744","12,919","11,905","11,626","14,262","12,125","12,290","16,506","14,460","12,783","13,002","14,293","13,764","12,696","12,891","14,425","14,249","16,152","16,402","16,327","14,820","15,237","16,495","15,790","14,944","15,149","16,619","13,305","15,089","15,530","15,142","14,609","15,249","16,407","15,637","15,065","15,504","16,652","15,992","17,917","17,879","17,909","18,010","18,943","19,742","18,892","17,976","19,783","21,654","17,467","19,907","19,900","19,820","18,951","19,898","21,080","20,752","23,618","23,851","25,601","15,675","19,015","17,948","17,334","16,673","16,826","17,787","16,755","25,814","26,575","29,117"
Net mixed income,"1,915","1,766","2,346","2,058","1,932","1,908","2,391","2,128","1,978","1,895","2,691","1,529","1,589","1,643","1,576","1,620","1,792","1,796","1,702","1,655","1,885","1,877","1,776","1,714","2,128","1,870","2,198","1,835","3,031","2,458","2,165","1,664","3,753","1,861","1,885","2,068","1,922","1,945","2,092","2,234","2,045","1,976","2,131","2,344","1,399","1,434","1,520","1,446","1,536","1,609","1,778","1,643","1,560","1,674","1,964","1,341","1,181","1,711","1,460","1,375","1,225","1,857","1,582","1,423","1,186","2,262","1,834","1,791","2,099","1,939","1,852","1,926","2,223","2,022","1,906","1,939","2,438","2,009","1,653","2,703","2,203","2,070","1,648","2,881","2,404","2,072","1,504","3,570","2,175",327,"4,882","2,892","1,905","1,756","2,440","2,144","1,910","1,703","2,833","2,003","1,816","2,508","2,164","1,918","1,780","2,434","2,131","1,931","1,713","2,754","3,076","3,014","3,591","3,273","3,170","3,245","3,768","3,393","3,236","3,241","4,044","3,309","3,459","3,535","3,374","3,672","4,085","4,091","3,817","3,582","4,155","4,185","2,822","2,960","3,013","2,898","2,885","3,177","3,205","3,051","3,034","3,318","3,330","2,139","2,206","2,244","2,119","1,996","2,099","2,217","2,034","1,930","2,110","2,235"
Property income received,"2,057","2,049","2,000","2,171","1,990","2,041","2,090","2,181","2,122","2,188","2,265","1,105","1,094","1,056","1,203","1,124","1,147","1,164","1,247","1,219","1,221","1,253","1,238","1,232","1,221","1,335","1,225","1,269","1,291","1,323","1,294","1,312","1,346","1,716","1,712","1,667","1,841","1,658","1,711","1,741","1,827","1,793","1,818","1,859","1,330","1,324","1,278","1,435","1,324","1,357","1,381","1,471","1,431","1,457","1,497","1,845","1,838","1,764","2,016","1,757","1,805","1,847","1,984","1,915","1,923","1,983","2,171","2,155","2,112","2,254","2,122","2,165","2,218","2,299","2,241","2,318","2,417","1,613","1,590","1,543","1,694","1,536","1,561","1,587","1,671","1,629","1,667","1,727","2,007","2,000","1,951","2,129","1,933","2,001","2,042","2,146","2,074","2,172","2,214","2,329","2,333","2,291","2,450","2,163","2,236","2,292","2,370","2,298","2,413","2,471","2,311","2,312","2,283","2,418","2,288","2,361","2,422","2,471","2,421","2,538","2,631","1,866","1,868","1,793","2,032","1,826","1,888","1,929","2,041","1,959","1,984","2,016","1,826","1,823","1,735","2,067","1,787","1,839","1,870","2,069","1,975","1,946","1,991","1,250","1,230","1,137","1,432","1,185","1,201","1,220","1,358","1,293","1,229","1,229"
Less: property income paid,765,689,698,679,653,651,646,625,630,699,854,520,461,467,453,422,418,417,406,414,460,564,457,409,424,400,402,401,399,374,384,423,510,517,460,468,449,416,416,412,395,404,446,543,477,424,428,416,387,382,381,371,378,418,510,551,495,500,486,464,463,462,446,451,502,615,896,807,817,796,782,781,774,750,753,836,"1,023",528,477,481,468,427,423,420,408,415,458,553,626,568,573,560,509,505,504,491,498,547,654,819,737,746,727,648,643,640,621,624,689,836,936,851,865,843,827,828,820,786,791,880,"1,080",673,612,618,595,568,568,563,537,537,596,732,577,525,531,516,485,484,481,469,470,522,648,234,208,208,201,173,170,170,161,163,179,221
Current transfers received,"3,729","5,725","4,680","4,156","4,481","4,376","4,311","3,865","4,073","3,884","3,967","4,500","6,658","5,522","5,004","6,179","5,942","5,937","5,116","5,494","5,124","5,228","3,574","5,485","4,589","4,011","4,896","4,714","4,710","3,915","4,273","3,899","3,968","3,632","5,536","4,564","4,019","4,559","4,499","4,426","3,838","4,022","3,882","3,946","4,025","5,903","4,914","4,451","5,119","4,942","4,935","4,330","4,660","4,345","4,444","3,800","5,503","4,621","4,151","4,394","4,305","4,326","3,947","4,227","3,996","4,056","3,687","5,816","4,694","4,137","4,482","4,377","4,271","3,816","3,979","3,821","3,922","3,673","5,683","4,581","4,063","4,537","4,424","4,306","3,867","4,060","3,930","3,987","4,132","6,248","5,116","4,593","4,994","4,847","4,759","4,342","4,681","4,359","4,471","3,826","6,066","4,853","4,318","4,643","4,526","4,413","3,950","4,122","3,931","4,013","3,439","5,333","4,393","3,872","4,019","3,921","3,878","3,452","3,635","3,485","3,552","4,391","6,547","5,344","4,779","5,556","5,474","5,274","4,716","4,913","4,755","4,853","5,905","8,523","7,059","6,469","6,874","6,880","6,745","6,363","6,636","6,530","6,588","5,274","9,029","6,749","5,822","6,602","6,279","5,944","5,227","5,555","5,131","5,359"
Less: current transfers paid,"6,055","5,541","5,538","5,642","6,201","6,143","5,912","5,932","6,768","6,500","6,104","5,568","5,113","5,033","5,050","5,687","5,655","5,413","5,459","6,281","6,103","5,692","4,682","4,289","4,362","4,281","4,838","4,810","4,604","4,433","5,189","4,971","4,626","5,242","4,761","4,813","4,846","5,339","5,363","5,133","5,099","5,859","5,641","5,283","5,036","4,594","4,498","4,619","5,045","5,015","4,766","4,802","5,521","5,362","4,974","6,357","6,012","5,990","6,030","6,525","6,581","6,301","6,305","7,199","7,021","6,545","6,160","5,586","5,533","5,780","6,288","6,204","5,996","6,047","6,858","6,551","6,191","5,635","5,050","5,071","5,172","5,655","5,597","5,363","5,413","6,176","5,969","5,577","5,828","5,305","5,214","5,302","5,934","5,847","5,564","5,590","6,434","6,211","5,744","6,388","5,761","5,953","5,774","6,389","6,254","6,045","6,102","6,909","6,576","6,195","5,469","4,930","4,960","5,031","5,804","5,669","5,458","5,396","6,271","5,953","5,591","7,038","6,582","6,452","6,244","7,225","7,243","6,824","6,761","7,675","7,491","6,869","10,079","9,332","9,163","9,415","10,418","10,552","9,946","10,100","11,400","11,223","10,408","9,140","8,380","8,150","8,378","9,091","9,118","8,619","8,586","9,625","9,712","8,740"
Social transfers in kind (STiK): education,"1,134","1,040","1,100","1,130","1,111","1,088","1,094","1,115","1,158","1,114","1,194","1,255","1,158","1,221","1,263","1,307","1,349","1,373","1,399","1,479","1,429","1,502","1,040",939,"1,016","1,021","1,132","1,073","1,094","1,074","1,138","1,085","1,156","1,053","1,034","1,100","1,122","1,155","1,030","1,049","1,039","1,097","1,125","1,264","1,019",833,829,961,"1,140",966,846,948,"1,415","1,350",745,"1,028",988,"1,036","1,075","1,131","1,075","1,104","1,123","1,166","1,109","1,168","1,190","1,053","1,123","1,131","1,074","1,053","1,054","1,072","1,138","1,100","1,247","1,183","1,164","1,221","1,336","1,256","1,258","1,298","1,255","1,274","1,215","1,369","1,526","1,437","1,397","1,490","1,521","1,510","1,486","1,552","1,537","1,461","1,536","1,241","1,112","1,214","1,254","1,125","1,148","1,157","1,193","1,153","1,110","1,154",969,915,962,981,980,999,985,"1,007","1,000",965,995,"1,719","1,496","1,585","1,621","1,741","1,694","1,742","1,746","1,804","1,713","1,793","2,610","2,393","2,489","2,570","2,693","2,607","2,675","2,735","2,849","2,737","2,813","3,367","2,991","3,119","3,198","3,181","3,092","3,190","3,177","3,272","3,049","3,221"
Social transfers in kind (STiK): health,"1,736","1,744","1,815","1,939","2,035","1,991","2,029","2,027","2,209","1,713","1,863","2,003","1,897","2,005","2,064","2,282","2,146","2,211","2,235","2,499","2,169","2,356","1,580","1,458","1,579","1,579","1,848","1,763","1,815","1,767","1,914","1,577","1,733","2,058","1,905","2,018","2,058","2,259","2,091","2,149","2,142","2,336","1,795","2,075","1,867","1,910","1,885","1,937","2,174","2,051","1,925","2,041","1,889","2,694","1,903","1,808","1,887","1,974","2,027","2,156","2,039","2,085","2,056","2,309","2,030","2,258","1,550","1,583","1,607","1,751","1,896","1,928","1,957","1,939","2,107","1,228","1,358","2,324","2,070","2,162","2,885","2,420","2,574","2,607","2,590","2,746","2,263","2,617","1,942","1,755","1,951","2,094","2,069","1,911","2,135","2,167","2,264","1,981","2,263","1,806","1,766","1,938","2,028","2,011","1,851","1,906","1,942","2,118","1,841","1,924","1,705","1,722","1,780","1,878","1,985","1,971","1,985","2,018","2,176","1,950","2,115","2,995","2,913","3,093","3,145","3,115","2,942","3,059","3,036","3,777","3,360","3,630","5,120","4,915","5,129","5,265","5,646","5,404","5,597","5,679","6,148","5,679","6,017","7,949","7,512","7,774","7,920","7,706","7,289","7,603","7,519","9,057","8,169","8,908"
Social transfers in kind (STiK): other,717,659,682,709,692,672,694,703,715,720,763,492,453,473,494,509,489,504,512,496,501,517,546,502,532,543,560,535,546,538,589,619,643,655,634,660,679,671,659,679,672,709,641,691,685,499,531,554,753,516,535,562,498,703,567,554,512,534,556,522,526,558,558,554,563,589,805,740,778,801,779,737,757,768,790,782,853,"1,083",971,917,928,962,928,941,972,"1,111",994,"1,046",702,663,676,709,705,676,681,699,728,753,764,691,646,641,726,656,655,675,689,663,669,724,667,612,638,641,652,686,701,707,723,756,775,"1,852","1,847","1,913","1,993","2,056","1,934","2,001","2,015","2,065","2,051","2,138","3,688","3,348","3,435","3,609","3,657","3,429","3,555","3,659","3,731","3,643","3,767","4,942","4,430","4,548","4,743","4,640","4,328","4,508","4,521","4,594","5,487","5,801"
Adjusted household disposable income,"15,769","17,323","17,820","17,626","17,027","17,356","18,524","17,915","17,449","17,242","18,760","14,616","16,445","16,334","16,302","17,123","17,368","18,068","17,282","16,218","16,936","17,764","13,102","14,573","15,075","14,476","15,775","15,512","17,317","15,765","14,637","14,758","17,455","14,360","16,026","16,084","15,787","15,918","16,147","16,843","16,047","15,415","15,642","16,578","14,062","15,526","15,346","15,338","16,051","15,785","16,298","15,907","15,192","16,912","16,268","14,037","15,309","15,849","15,765","15,268","15,267","16,757","16,212","15,572","15,383","17,173","15,976","17,762","17,976","17,730","17,256","17,780","18,691","18,106","17,874","17,361","18,708","15,778","16,971","17,671","17,870","16,803","16,786","18,590","17,737","17,035","16,098","19,295","16,295","16,144","20,530","18,753","17,078","17,099","18,595","18,181","17,225","17,086","18,988","17,987","19,677","20,194","20,335","18,611","18,891","20,232","19,614","18,878","18,769","20,421","16,646","18,337","18,910","18,641","18,226","18,906","20,077","19,370","18,964","19,176","20,537","22,559","24,174","24,471","24,668","24,921","25,512","26,544","25,690","25,622","26,906","29,215","28,885","30,563","30,953","31,264","30,947","31,338","32,906","32,825","36,346","35,910","38,198","31,933","33,947","33,389","33,195","32,199","31,535","33,087","31,972","42,736","43,281","47,048"
Household final consumption expenditure (HFCE),"11,744","10,961","12,616","12,581","11,461","12,740","13,544","13,320","12,458","14,133","14,052","11,313","10,570","12,242","12,128","11,466","12,709","13,486","13,285","12,525","14,214","14,129","10,501","9,984","11,611","11,223","11,897","13,104","13,669","12,999","10,598","11,977","11,765","11,141","10,506","12,019","11,827","11,481","12,743","13,307","12,943","11,892","13,326","13,145","11,126","10,512","11,981","11,958","11,152","12,281","12,873","12,766","11,676","13,187","12,996","10,319","9,704","11,172","11,113","10,205","11,366","12,094","11,873","10,761","12,256","12,204","11,772","10,839","12,547","12,546","11,192","12,452","13,289","13,126","12,714","14,390","14,317","11,071","10,358","11,869","11,854","10,972","12,136","12,876","12,751","12,023","13,687","13,566","11,699","10,981","12,652","12,643","11,474","12,777","13,597","13,498","13,114","14,899","14,736","12,817","11,936","13,791","13,785","11,927","13,343","14,242","14,058","13,752","15,645","15,515","13,623","12,957","14,724","14,664","14,124","15,604","16,463","15,979","13,758","15,607","15,551","13,504","12,891","14,355","13,829","13,015","14,545","15,367","14,577","12,661","14,605","14,598","15,551","14,761","16,556","16,529","15,197","16,741","17,725","17,643","16,437","18,428","18,563","11,796","11,165","12,228","12,262","10,565","11,466","12,319","12,086","11,703","13,103","13,223"
Food and non-alcoholic beverages,"1,176","1,251","1,264","1,302","1,211","1,260","1,263","1,255","1,198","1,293","1,303","1,217","1,293","1,308","1,342","1,295","1,347","1,350","1,343","1,293","1,400","1,415","1,096","1,171","1,201","1,199","1,296","1,334","1,325","1,269","1,054","1,135","1,140","1,089","1,157","1,174","1,193","1,173","1,225","1,218","1,195","1,111","1,197","1,203","1,132","1,206","1,210","1,243","1,180","1,219","1,219","1,215","1,131","1,223","1,232","1,155","1,234","1,241","1,275","1,202","1,248","1,252","1,242","1,157","1,250","1,262","1,139","1,208","1,222","1,262","1,147","1,199","1,201","1,199","1,184","1,277","1,285","1,072","1,134","1,147","1,180","1,116","1,157","1,161","1,158","1,118","1,210","1,219","1,089","1,154","1,171","1,211","1,118","1,167","1,174","1,178","1,166","1,262","1,272","1,227","1,302","1,323","1,365","1,206","1,261","1,270","1,264","1,265","1,366","1,375","1,331","1,426","1,434","1,481","1,452","1,499","1,492","1,472","1,293","1,392","1,402","1,333","1,429","1,422","1,453","1,372","1,414","1,410","1,387","1,211","1,301","1,310","1,865","1,992","2,001","2,061","1,919","1,998","2,000","2,009","1,894","2,043","2,078","1,794","1,887","1,882","1,920","1,694","1,748","1,769","1,728","1,724","1,848","1,877"
Alcoholic beverages and tobacco,447,496,522,508,442,499,523,500,428,482,496,638,702,737,716,652,731,764,732,643,717,734,487,535,568,536,553,609,629,579,444,488,494,539,590,620,595,556,622,644,607,519,573,582,508,551,569,553,508,557,576,552,483,525,530,427,481,507,492,427,486,512,489,403,460,478,393,435,459,447,379,430,452,433,383,432,445,504,550,576,561,504,560,585,562,498,552,562,494,535,559,547,487,540,564,544,503,550,557,501,548,576,562,472,529,554,531,489,540,548,507,571,601,586,530,598,626,593,462,526,544,611,679,703,678,604,672,700,661,526,584,597,841,935,980,953,833,940,985,950,811,910,942,650,645,636,614,582,594,603,561,598,580,557
Clothing and footwear,407,346,554,658,381,473,631,775,464,648,654,378,321,516,614,366,454,608,753,450,631,639,361,308,500,577,388,476,629,746,388,540,544,333,282,454,534,326,406,537,655,381,529,533,351,299,476,566,333,410,547,677,393,549,555,393,337,536,633,371,461,616,754,439,616,624,415,351,562,669,380,473,630,775,481,670,677,360,306,489,578,341,422,562,691,419,587,592,394,336,540,642,368,459,616,762,471,663,669,434,368,592,705,387,483,647,798,499,697,702,430,366,588,702,428,525,697,852,469,651,657,251,215,339,399,234,288,383,465,254,354,357,561,479,765,910,525,653,874,"1,086",639,893,912,720,603,956,"1,135",618,761,"1,029","1,257",777,"1,077","1,098"
"Housing, water, electricity, gas and other fuels","2,991","2,914","2,948","2,945","2,993","3,044","3,084","3,015","3,162","3,169","3,169","2,743","2,584","2,605","2,634","2,811","2,787","2,814","2,798","3,011","2,941","2,934","2,630","2,520","2,578","2,520","2,993","2,976","2,981","2,855","2,641","2,591","2,566","3,112","2,948","2,987","2,976","3,224","3,234","3,247","3,183","3,301","3,229","3,204","2,854","2,676","2,673","2,716","2,867","2,806","2,821","2,826","2,958","2,863","2,840","2,347","2,278","2,299","2,292","2,367","2,389","2,427","2,367","2,432","2,429","2,438","2,881","2,790","2,827","2,836","2,822","2,874","2,911","2,861","3,115","3,111","3,106","2,895","2,801","2,834","2,831","2,929","2,958","2,998","2,943","3,124","3,132","3,132","3,269","3,167","3,207","3,229","3,264","3,317","3,365","3,334","3,638","3,639","3,629","3,369","3,306","3,357","3,355","3,226","3,318","3,367","3,300","3,614","3,646","3,634","4,038","4,029","4,074","4,037","4,284","4,386","4,439","4,258","4,064","4,140","4,161","4,750","4,690","4,693","4,613","4,727","4,802","4,879","4,682","4,461","4,500","4,525","5,352","5,011","5,031","5,120","5,291","5,225","5,292","5,345","5,675","5,475","5,504","4,455","4,332","4,348","4,263","4,083","4,156","4,287","4,087","4,442","4,471","4,545"
"Furnishings, household equipment and other goods and services related to the dwelling and property",649,776,898,977,758,922,942,986,773,971,928,601,734,839,908,726,889,906,950,745,946,903,584,721,838,881,792,963,967,973,661,839,792,573,698,799,853,698,860,868,895,682,864,820,658,811,917,993,783,955,966,"1,014",770,981,930,607,729,838,909,715,867,887,926,709,891,853,636,752,876,955,725,884,906,952,772,967,925,632,767,880,954,749,915,933,979,773,981,933,626,780,884,957,735,915,927,973,789,"1,017",961,701,836,970,"1,058",779,952,976,"1,025",842,"1,057","1,008",746,894,"1,035","1,130",924,"1,115","1,134","1,177",848,"1,063","1,015",574,756,831,897,693,869,861,897,632,827,768,642,806,905,976,751,925,941,988,759,967,935,590,753,843,896,653,806,821,835,678,870,826
Health,519,407,490,502,505,519,532,520,541,565,548,457,374,436,445,463,471,481,475,500,520,503,456,370,442,439,511,518,525,497,451,467,451,506,401,482,487,517,533,541,523,530,552,533,547,437,516,527,540,550,561,552,560,584,566,511,412,486,496,505,516,529,518,527,549,533,511,399,483,495,487,503,516,506,544,568,552,468,365,444,456,466,476,488,480,505,529,512,491,391,467,480,479,491,505,501,540,564,546,563,434,528,542,518,536,550,538,585,610,593,545,420,514,528,561,575,586,566,540,565,551,362,278,342,348,356,364,372,358,340,356,346,329,253,312,319,321,331,340,334,342,360,352,261,200,240,244,233,238,246,237,257,267,261
Transport,"1,607","1,268","1,844","1,630","1,482","1,881","2,016","1,813","1,774","2,223","2,194","1,734","1,375","2,072","1,803","1,703","2,142","2,322","2,081","2,045","2,571","2,539","1,585","1,272","1,908","1,649","1,742","2,150","2,304","2,021","1,702","2,112","2,065","1,490","1,217","1,778","1,559","1,497","1,906","2,024","1,806","1,707","2,125","2,072","1,627","1,338","1,945","1,725","1,603","2,007","2,139","1,947","1,842","2,296","2,230","1,466","1,192","1,704","1,510","1,388","1,775","1,879","1,686","1,602","1,995","1,964","1,683","1,296","1,905","1,674","1,497","1,905","2,053","1,844","1,874","2,348","2,327","1,462","1,171","1,672","1,503","1,389","1,737","1,853","1,708","1,674","2,102","2,052","1,532","1,254","1,842","1,654","1,490","1,862","1,995","1,844","1,843","2,308","2,233","1,689","1,319","1,920","1,706","1,475","1,865","2,017","1,834","1,871","2,362","2,329","1,631","1,296","1,872","1,659","1,584","1,996","2,135","1,900","1,700","2,136","2,118","1,597","1,212","1,648","1,426","1,329","1,721","1,884","1,647","1,502","1,959","1,992","1,638","1,423","1,935","1,688","1,522","2,002","2,139","1,893","1,809","2,358","2,371",820,492,703,604,531,676,834,728,764,"1,018","1,096"
Communications,325,314,326,328,313,314,329,334,318,319,325,384,372,383,385,383,383,400,406,391,392,399,346,337,352,343,382,379,393,383,319,318,322,356,344,357,354,359,361,374,375,348,347,352,340,329,338,340,331,330,344,350,325,326,332,278,270,279,280,271,271,284,288,267,268,274,325,314,326,330,307,309,324,331,325,326,332,313,302,312,315,306,305,319,326,314,314,320,342,330,343,347,329,330,347,356,351,353,359,361,349,362,366,332,335,351,358,357,357,363,357,348,358,362,365,363,377,380,333,332,338,318,310,315,315,307,305,316,317,277,276,280,398,387,397,398,383,385,401,410,387,387,398,279,267,270,270,247,245,257,256,256,254,259
Recreation and culture,937,986,"1,165","1,147",934,"1,219","1,249","1,201","1,013","1,369","1,312",857,921,"1,102","1,066",904,"1,189","1,209","1,156",980,"1,328","1,275",770,929,"1,071","1,008",952,"1,297","1,233","1,135",817,"1,159","1,060",856,964,"1,132","1,074",936,"1,255","1,233","1,153",946,"1,301","1,224",924,"1,056","1,226","1,193",989,"1,314","1,298","1,250","1,009","1,396","1,316",768,836,983,959,792,"1,035","1,051","1,005",823,"1,114","1,069",935,950,"1,124","1,132",900,"1,148","1,194","1,173","1,018","1,352","1,302","1,016","1,040","1,244","1,227","1,011","1,315","1,364","1,322","1,121","1,522","1,460","1,022","1,050","1,269","1,221",993,"1,327","1,379","1,310","1,156","1,587","1,525","1,122","1,170","1,395","1,365","1,058","1,404","1,444","1,384","1,225","1,672","1,593","1,066","1,156","1,362","1,309","1,133","1,512","1,522","1,418","1,109","1,531","1,456","1,021","1,328","1,523","1,312","1,135","1,661","1,546","1,320","1,050","1,567","1,447","1,069","1,288","1,512","1,445","1,169","1,598","1,564","1,485","1,214","1,689","1,615",624,778,882,888,656,882,858,844,687,958,896
Education,176,157,146,160,164,162,152,168,177,169,153,104,93,86,94,100,99,93,103,108,104,94,185,167,157,167,199,194,180,193,175,167,151,151,138,130,138,151,148,140,151,154,147,134,124,113,104,113,119,116,109,121,123,118,107,117,103,94,105,108,107,100,112,114,110,98,212,191,178,195,196,193,182,202,219,209,190,128,115,107,117,122,119,112,125,132,127,115,124,111,105,114,117,115,109,121,132,126,115,175,155,143,159,154,153,144,161,176,169,151,218,196,180,199,215,210,196,216,208,199,179,83,73,65,73,75,74,68,77,73,70,62,204,182,167,185,189,187,175,197,203,195,177,153,134,121,134,130,127,119,132,143,137,123
"Food, beverage and accommodation services",811,483,768,629,594,688,975,858,796,"1,052","1,131",713,426,679,555,543,629,890,786,729,961,"1,025",605,365,586,468,513,587,820,697,562,736,788,635,384,606,495,494,572,794,694,628,820,879,623,378,588,486,469,537,749,666,603,789,850,732,438,697,568,543,629,894,785,705,932,996,838,499,792,652,602,700,991,875,840,"1,108","1,192",722,430,681,560,538,619,875,775,726,956,"1,025",762,453,722,595,558,647,921,819,785,"1,037","1,111",907,542,859,709,637,740,"1,047",926,901,"1,186","1,275",898,530,844,688,686,790,"1,127",977,833,"1,114","1,207","1,265",698,"1,150",889,858,999,"1,503","1,270","1,065","1,487","1,615","1,150",669,"1,074",866,821,957,"1,384","1,217","1,110","1,498","1,635",553,295,487,374,339,395,607,509,489,689,761
Insurance and financial services,"1,069","1,053","1,064","1,088","1,102","1,142","1,166","1,140","1,160","1,154","1,131",865,862,861,876,922,957,963,943,962,971,944,814,812,828,817,960,983,990,929,819,818,797,832,821,833,837,897,932,942,908,896,894,873,820,815,813,827,852,876,887,869,856,860,840,950,945,950,967,993,"1,029","1,047","1,022","1,008","1,009",989,"1,142","1,121","1,136","1,161","1,153","1,197","1,225","1,200","1,261","1,256","1,230",915,893,901,921,951,975,992,977,"1,004","1,000",978,974,952,967,992,"1,002","1,038","1,065","1,051","1,107","1,100","1,079","1,152","1,125","1,148","1,181","1,141","1,185","1,221","1,199","1,276","1,260","1,235","1,177","1,162","1,174","1,202","1,291","1,325","1,351","1,307","1,224","1,212","1,188",762,752,749,769,786,803,815,797,732,726,713,835,810,817,852,859,881,900,904,900,885,883,336,322,319,331,317,322,329,324,341,337,334
Miscellaneous goods and services,630,508,626,707,581,618,683,756,654,718,708,621,514,618,690,597,630,689,760,669,731,722,583,477,582,621,615,638,693,722,563,607,596,670,561,668,730,653,690,744,800,689,748,736,617,503,604,675,576,602,659,727,622,677,668,566,448,557,626,523,554,617,681,576,634,626,661,534,656,738,598,637,703,777,698,766,754,582,484,583,653,551,578,634,704,617,675,665,580,468,577,655,535,567,629,705,631,693,683,616,483,618,712,541,581,654,739,651,722,710,680,562,689,781,673,711,782,861,676,746,735,577,471,576,657,539,573,629,700,539,597,585,665,526,659,756,613,658,730,825,693,766,760,564,458,540,590,483,516,559,589,548,597,588
Social transfers in kind (STiK),"3,587","3,443","3,597","3,779","3,838","3,752","3,817","3,845","4,082","3,546","3,820","3,750","3,509","3,698","3,821","4,098","3,984","4,088","4,147","4,474","4,099","4,374","3,166","2,899","3,127","3,144","3,539","3,370","3,456","3,379","3,641","3,281","3,531","3,765","3,573","3,778","3,859","4,085","3,780","3,876","3,854","4,142","3,561","4,031","3,571","3,242","3,245","3,453","4,068","3,533","3,306","3,551","3,803","4,747","3,214","3,390","3,386","3,544","3,657","3,809","3,640","3,746","3,736","4,028","3,702","4,015","3,544","3,376","3,508","3,683","3,749","3,718","3,767","3,779","4,035","3,110","3,458","4,591","4,205","4,301","5,148","4,639","4,760","4,846","4,818","5,130","4,472","5,033","4,170","3,854","4,024","4,293","4,295","4,097","4,302","4,417","4,529","4,195","4,563","3,738","3,525","3,792","4,008","3,791","3,654","3,737","3,824","3,934","3,620","3,802","3,341","3,248","3,380","3,499","3,617","3,657","3,670","3,733","3,899","3,672","3,885","6,567","6,257","6,592","6,759","6,911","6,569","6,802","6,798","7,646","7,123","7,561","11,418","10,656","11,053","11,444","11,996","11,440","11,826","12,073","12,728","12,059","12,597","16,258","14,932","15,441","15,861","15,526","14,709","15,300","15,217","16,922","16,706","17,931"
Social transfers in kind (STiK): education,"1,134","1,040","1,100","1,130","1,111","1,088","1,094","1,115","1,158","1,114","1,194","1,255","1,158","1,221","1,263","1,307","1,349","1,373","1,399","1,479","1,429","1,502","1,040",939,"1,016","1,021","1,132","1,073","1,094","1,074","1,138","1,085","1,156","1,053","1,034","1,100","1,122","1,155","1,030","1,049","1,039","1,097","1,125","1,264","1,019",833,829,961,"1,140",966,846,948,"1,415","1,350",745,"1,028",988,"1,036","1,075","1,131","1,075","1,104","1,123","1,166","1,109","1,168","1,190","1,053","1,123","1,131","1,074","1,053","1,054","1,072","1,138","1,100","1,247","1,183","1,164","1,221","1,336","1,256","1,258","1,298","1,255","1,274","1,215","1,369","1,526","1,437","1,397","1,490","1,521","1,510","1,486","1,552","1,537","1,461","1,536","1,241","1,112","1,214","1,254","1,125","1,148","1,157","1,193","1,153","1,110","1,154",969,915,962,981,980,999,985,"1,007","1,000",965,995,"1,719","1,496","1,585","1,621","1,741","1,694","1,742","1,746","1,804","1,713","1,793","2,610","2,393","2,489","2,570","2,693","2,607","2,675","2,735","2,849","2,737","2,813","3,367","2,991","3,119","3,198","3,181","3,092","3,190","3,177","3,272","3,049","3,221"
Social transfers in kind (STiK): health,"1,736","1,744","1,815","1,939","2,035","1,991","2,029","2,027","2,209","1,713","1,863","2,003","1,897","2,005","2,064","2,282","2,146","2,211","2,235","2,499","2,169","2,356","1,580","1,458","1,579","1,579","1,848","1,763","1,815","1,767","1,914","1,577","1,733","2,058","1,905","2,018","2,058","2,259","2,091","2,149","2,142","2,336","1,795","2,075","1,867","1,910","1,885","1,937","2,174","2,051","1,925","2,041","1,889","2,694","1,903","1,808","1,887","1,974","2,027","2,156","2,039","2,085","2,056","2,309","2,030","2,258","1,550","1,583","1,607","1,751","1,896","1,928","1,957","1,939","2,107","1,228","1,358","2,324","2,070","2,162","2,885","2,420","2,574","2,607","2,590","2,746","2,263","2,617","1,942","1,755","1,951","2,094","2,069","1,911","2,135","2,167","2,264","1,981","2,263","1,806","1,766","1,938","2,028","2,011","1,851","1,906","1,942","2,118","1,841","1,924","1,705","1,722","1,780","1,878","1,985","1,971","1,985","2,018","2,176","1,950","2,115","2,995","2,913","3,093","3,145","3,115","2,942","3,059","3,036","3,777","3,360","3,630","5,120","4,915","5,129","5,265","5,646","5,404","5,597","5,679","6,148","5,679","6,017","7,949","7,512","7,774","7,920","7,706","7,289","7,603","7,519","9,057","8,169","8,908"
Social transfers in kind (STiK): other,717,659,682,709,692,672,694,703,715,720,763,492,453,473,494,509,489,504,512,496,501,517,546,502,532,543,560,535,546,538,589,619,643,655,634,660,679,671,659,679,672,709,641,691,685,499,531,554,753,516,535,562,498,703,567,554,512,534,556,522,526,558,558,554,563,589,805,740,778,801,779,737,757,768,790,782,853,"1,083",971,917,928,962,928,941,972,"1,111",994,"1,046",702,663,676,709,705,676,681,699,728,753,764,691,646,641,726,656,655,675,689,663,669,724,667,612,638,641,652,686,701,707,723,756,775,"1,852","1,847","1,913","1,993","2,056","1,934","2,001","2,015","2,065","2,051","2,138","3,688","3,348","3,435","3,609","3,657","3,429","3,555","3,659","3,731","3,643","3,767","4,942","4,430","4,548","4,743","4,640","4,328","4,508","4,521","4,594","5,487","5,801"
Household actual final consumption,"15,331","14,404","16,213","16,360","15,299","16,492","17,361","17,165","16,540","17,679","17,872","15,063","14,079","15,940","15,949","15,564","16,693","17,574","17,432","16,999","18,313","18,503","13,667","12,883","14,738","14,367","15,436","16,474","17,125","16,378","14,239","15,258","15,296","14,906","14,079","15,797","15,686","15,566","16,523","17,183","16,797","16,034","16,887","17,176","14,697","13,754","15,226","15,411","15,220","15,814","16,179","16,317","15,479","17,934","16,210","13,709","13,090","14,716","14,770","14,014","15,006","15,840","15,609","14,789","15,958","16,219","15,316","14,215","16,055","16,229","14,941","16,170","17,056","16,905","16,749","17,500","17,775","15,662","14,563","16,170","17,002","15,611","16,896","17,722","17,569","17,153","18,159","18,599","15,869","14,835","16,676","16,936","15,769","16,874","17,899","17,915","17,643","19,094","19,299","16,555","15,461","17,583","17,793","15,718","16,997","17,979","17,882","17,686","19,265","19,317","16,964","16,205","18,104","18,163","17,741","19,261","20,133","19,712","17,657","19,279","19,436","20,071","19,148","20,947","20,588","19,926","21,114","22,169","21,375","20,307","21,728","22,159","26,969","25,417","27,609","27,973","27,193","28,181","29,551","29,716","29,165","30,487","31,160","28,054","26,097","27,669","28,123","26,091","26,175","27,619","27,303","28,625","29,809","31,154"
Change in pension entitlements,315,363,354,489,359,489,320,433,382,457,302,-97,-32,-31,85,-25,80,-92,13,-32,15,-133,167,204,204,291,190,281,156,230,197,245,136,329,371,364,483,356,480,323,422,379,450,307,251,299,290,415,297,417,255,364,318,387,239,731,780,759,939,764,950,741,890,822,943,738,233,282,275,400,286,407,246,353,304,371,225,280,328,319,450,321,445,279,392,342,415,261,136,191,186,312,202,321,152,264,213,277,126,-51,11,11,127,-18,80,-80,18,-24,20,-114,237,273,268,369,278,378,250,333,295,352,235,149,242,235,433,153,334,60,230,155,242,9,328,465,454,763,313,595,178,447,329,472,106,"1,361","1,437","1,385","1,714","1,422","1,751","1,362","1,619","1,493","1,701","1,330"
Household net saving,753,"3,283","1,962","1,755","2,086","1,353","1,483","1,183","1,291",20,"1,191",-543,"2,334",363,438,"1,534",755,402,-138,-813,"-1,362",-872,-397,"1,894",541,400,529,-681,348,-383,595,-255,"2,295",-217,"2,318",651,584,708,104,-18,-329,-239,-795,-292,-384,"2,071",410,342,"1,128",388,374,-46,31,-634,296,"1,059","2,998","1,892","1,934","2,018","1,210","1,657","1,494","1,605",367,"1,692",893,"3,828","2,196","1,901","2,601","2,017","1,880","1,553","1,429",233,"1,158",396,"2,736","1,820","1,318","1,513",335,"1,147",560,223,"-1,646",957,561,"1,499","4,040","2,129","1,511",546,848,530,-206,"-1,731",-185,"1,381","4,227","2,622","2,669","2,875","1,975","2,174","1,750","1,168",-476,989,-81,"2,406","1,074",845,763,22,194,-9,"1,602",249,"1,336","2,637","5,267","3,759","4,513","5,148","4,732","4,436","4,545","5,470","5,419","7,065","2,245","5,610","3,798","4,053","4,067","3,751","3,533","3,556","7,509","5,895","7,143","5,240","9,287","7,105","6,786","7,529","7,111","6,830","6,288","15,604","15,172","17,224"
,,,,,,,,,,,,,,,,,,,,,,,,,,,,,,,,,,,,,,,,,,,,,,,,,,,,,,,,,,,,,,,,,,,,,,,,,,,,,,,,,,,,,,,,,,,,,,,,,,,,,,,,,,,,,,,,,,,,,,,,,,,,,,,,,,,,,,,,,,,,,,,,,,,,,,,,,,
,,,,,,,,,,,,,,,,,,,,,,,,,,,,,,,,,,,,,,,,,,,,,,,,,,,,,,,,,,,,,,,,,,,,,,,,,,,,,,,,,,,,,,,,,,,,,,,,,,,,,,,,,,,,,,,,,,,,,,,,,,,,,,,,,,,,,,,,,,,,,,,,,,,,,,,,,,
,,,,,,,,,,,,,,,,,,,,,,,,,,,,,,,,,,,,,,,,,,,,,,,,,,,,,,,,,,,,,,,,,,,,,,,,,,,,,,,,,,,,,,,,,,,,,,,,,,,,,,,,,,,,,,,,,,,,,,,,,,,,,,,,,,,,,,,,,,,,,,,,,,,,,,,,,,
,,,,,,,,,,,,,,,,,,,,,,,,,,,,,,,,,,,,,,,,,,,,,,,,,,,,,,,,,,,,,,,,,,,,,,,,,,,,,,,,,,,,,,,,,,,,,,,,,,,,,,,,,,,,,,,,,,,,,,,,,,,,,,,,,,,,,,,,,,,,,,,,,,,,,,,,,,
Footnotes:,,,,,,,,,,,,,,,,,,,,,,,,,,,,,,,,,,,,,,,,,,,,,,,,,,,,,,,,,,,,,,,,,,,,,,,,,,,,,,,,,,,,,,,,,,,,,,,,,,,,,,,,,,,,,,,,,,,,,,,,,,,,,,,,,,,,,,,,,,,,,,,,,,,,,,,,,,
1,"Totals for Canada and by province/territory may not correspond to the Provincial and territorial economic accounts (PTEA) at certain times of the year, depending on the timing of releases for the Distributions of household economic accounts (DHEA) relative to the PTEA.",,,,,,,,,,,,,,,,,,,,,,,,,,,,,,,,,,,,,,,,,,,,,,,,,,,,,,,,,,,,,,,,,,,,,,,,,,,,,,,,,,,,,,,,,,,,,,,,,,,,,,,,,,,,,,,,,,,,,,,,,,,,,,,,,,,,,,,,,,,,,,,,,,,,,,,,,
2,"Value per consumption unit reflects the Statistics value"" divided by the number of consumption units"," which is based on a method proposed by the Organization for Economic Co-operation and Development (OECD). The ""OECD-modified"" equivalence scale assigns a value of 1 to the first adult", 0.5 to each additional person aged 14 and over," and 0.3 for all children under 14.""",,,,,,,,,,,,,,,,,,,,,,,,,,,,,,,,,,,,,,,,,,,,,,,,,,,,,,,,,,,,,,,,,,,,,,,,,,,,,,,,,,,,,,,,,,,,,,,,,,,,,,,,,,,,,,,,,,,,,,,,,,,,,,,,,,,,,,,,,,,,,,,,,,,,,,
,,,,,,,,,,,,,,,,,,,,,,,,,,,,,,,,,,,,,,,,,,,,,,,,,,,,,,,,,,,,,,,,,,,,,,,,,,,,,,,,,,,,,,,,,,,,,,,,,,,,,,,,,,,,,,,,,,,,,,,,,,,,,,,,,,,,,,,,,,,,,,,,,,,,,,,,,,
,,,,,,,,,,,,,,,,,,,,,,,,,,,,,,,,,,,,,,,,,,,,,,,,,,,,,,,,,,,,,,,,,,,,,,,,,,,,,,,,,,,,,,,,,,,,,,,,,,,,,,,,,,,,,,,,,,,,,,,,,,,,,,,,,,,,,,,,,,,,,,,,,,,,,,,,,,
,,,,,,,,,,,,,,,,,,,,,,,,,,,,,,,,,,,,,,,,,,,,,,,,,,,,,,,,,,,,,,,,,,,,,,,,,,,,,,,,,,,,,,,,,,,,,,,,,,,,,,,,,,,,,,,,,,,,,,,,,,,,,,,,,,,,,,,,,,,,,,,,,,,,,,,,,,
"How to cite: Statistics Canada. Table 36-10-0663-01  Distributions of household economic accounts, income, consumption and saving, Canada, provinces and territories, quarterly (x 1,000,000)",,,,,,,,,,,,,,,,,,,,,,,,,,,,,,,,,,,,,,,,,,,,,,,,,,,,,,,,,,,,,,,,,,,,,,,,,,,,,,,,,,,,,,,,,,,,,,,,,,,,,,,,,,,,,,,,,,,,,,,,,,,,,,,,,,,,,,,,,,,,,,,,,,,,,,,,,,
https://www150.statcan.gc.ca/t1/tbl1/en/tv.action?pid=3610066301,,,,,,,,,,,,,,,,,,,,,,,,,,,,,,,,,,,,,,,,,,,,,,,,,,,,,,,,,,,,,,,,,,,,,,,,,,,,,,,,,,,,,,,,,,,,,,,,,,,,,,,,,,,,,,,,,,,,,,,,,,,,,,,,,,,,,,,,,,,,,,,,,,,,,,,,,,
